Modèle,Clusters,Silhouette,Davies-Bouldin,Calinski-Harabasz
K-Means,3,0.7356275942129006,0.3495383105146875,391.20894084587815
Agglomératif,3,0.7356275942129006,0.3495383105146875,391.2089408458782
GMM,3,0.7356275942129006,0.3495383105146875,391.20894084587815
DBSCAN,3,0.7356275942129006,0.3495383105146875,391.2089408458782
