Modèle,Clusters,Silhouette,Davies-Bouldin,Calinski-Harabasz
K-Means,3,0.7091932151204432,0.40172369347691833,276.1114220082452
Agglomératif,3,0.7091932151204432,0.40172369347691833,276.11142200824514
GMM,3,0.7091932151204432,0.40172369347691833,276.1114220082452
DBSCAN,2,0.6825847082735482,0.3912704061669374,93.7101840951389
